-- MySQL dump 10.13  Distrib 8.0.32, for Win64 (x86_64)
--
-- Host: 127.0.0.1    Database: catalogo
-- ------------------------------------------------------
-- Server version	8.0.32

/*!40101 SET @OLD_CHARACTER_SET_CLIENT=@@CHARACTER_SET_CLIENT */;
/*!40101 SET @OLD_CHARACTER_SET_RESULTS=@@CHARACTER_SET_RESULTS */;
/*!40101 SET @OLD_COLLATION_CONNECTION=@@COLLATION_CONNECTION */;
/*!50503 SET NAMES utf8 */;
/*!40103 SET @OLD_TIME_ZONE=@@TIME_ZONE */;
/*!40103 SET TIME_ZONE='+00:00' */;
/*!40014 SET @OLD_UNIQUE_CHECKS=@@UNIQUE_CHECKS, UNIQUE_CHECKS=0 */;
/*!40014 SET @OLD_FOREIGN_KEY_CHECKS=@@FOREIGN_KEY_CHECKS, FOREIGN_KEY_CHECKS=0 */;
/*!40101 SET @OLD_SQL_MODE=@@SQL_MODE, SQL_MODE='NO_AUTO_VALUE_ON_ZERO' */;
/*!40111 SET @OLD_SQL_NOTES=@@SQL_NOTES, SQL_NOTES=0 */;

--
-- Table structure for table `autore`
--

DROP TABLE IF EXISTS `autore`;
/*!40101 SET @saved_cs_client     = @@character_set_client */;
/*!50503 SET character_set_client = utf8mb4 */;
CREATE TABLE `autore` (
  `id` int NOT NULL AUTO_INCREMENT,
  `nome` varchar(30) DEFAULT NULL,
  `cognome` varchar(50) DEFAULT NULL,
  `nazionalita` char(2) DEFAULT NULL,
  PRIMARY KEY (`id`)
) ENGINE=InnoDB AUTO_INCREMENT=23 DEFAULT CHARSET=utf8mb4 COLLATE=utf8mb4_0900_ai_ci;
/*!40101 SET character_set_client = @saved_cs_client */;

--
-- Dumping data for table `autore`
--

LOCK TABLES `autore` WRITE;
/*!40000 ALTER TABLE `autore` DISABLE KEYS */;
INSERT INTO `autore` VALUES (1,'John Ronald Reuel','Tolkien','za'),(2,'Dan','Brown','us'),(3,'Paulo','Coelho','br'),(4,'J. D.','Salinger','us'),(5,'Agatha','Christie','en'),(6,'J. K.','Rowling','en'),(7,'Tsao','Chan','cn'),(8,'E. L.','James','en'),(9,'Antoine','de Saint-Exup?ry','fr'),(10,'Charles','Dickens','en'),(11,'Miguel','de Cervantes','es'),(12,'Clive Staples','Lewis','en'),(13,'Tse-tung','Mao','cn'),(14,'Michele','Rech, Zerocalcare','it'),(15,'Andrea','Camilleri','it'),(16,'Ken','Follett','en'),(17,'Kazuo','Ishiguro','jp'),(18,'Carlo','Fruttero','it'),(19,'Franco','Lucentini','it'),(20,'Italo','Calvino','it'),(21,'Stephen','King','us'),(22,'Isabel','Allende','cl');
/*!40000 ALTER TABLE `autore` ENABLE KEYS */;
UNLOCK TABLES;

--
-- Table structure for table `autore_libro`
--

DROP TABLE IF EXISTS `autore_libro`;
/*!40101 SET @saved_cs_client     = @@character_set_client */;
/*!50503 SET character_set_client = utf8mb4 */;
CREATE TABLE `autore_libro` (
  `libro_id` int NOT NULL,
  `autore_id` int NOT NULL,
  PRIMARY KEY (`libro_id`,`autore_id`),
  KEY `fk_al_autore` (`autore_id`),
  CONSTRAINT `fk_al_autore` FOREIGN KEY (`autore_id`) REFERENCES `autore` (`id`) ON UPDATE CASCADE,
  CONSTRAINT `fk_al_libro` FOREIGN KEY (`libro_id`) REFERENCES `libro` (`id`) ON UPDATE CASCADE
) ENGINE=InnoDB DEFAULT CHARSET=utf8mb4 COLLATE=utf8mb4_0900_ai_ci;
/*!40101 SET character_set_client = @saved_cs_client */;

--
-- Dumping data for table `autore_libro`
--

LOCK TABLES `autore_libro` WRITE;
/*!40000 ALTER TABLE `autore_libro` DISABLE KEYS */;
INSERT INTO `autore_libro` VALUES (11,1),(15,1),(6,2),(17,2),(1,3),(7,4),(3,5),(5,6),(12,7),(2,8),(10,9),(20,10),(4,11),(8,12),(9,13),(16,14),(19,15),(13,16),(18,17),(14,18),(14,19),(21,20),(22,21);
/*!40000 ALTER TABLE `autore_libro` ENABLE KEYS */;
UNLOCK TABLES;

--
-- Table structure for table `editore`
--

DROP TABLE IF EXISTS `editore`;
/*!40101 SET @saved_cs_client     = @@character_set_client */;
/*!50503 SET character_set_client = utf8mb4 */;
CREATE TABLE `editore` (
  `id` int NOT NULL AUTO_INCREMENT,
  `nome` varchar(30) DEFAULT NULL,
  `email` varchar(100) DEFAULT NULL,
  PRIMARY KEY (`id`),
  UNIQUE KEY `email` (`email`)
) ENGINE=InnoDB AUTO_INCREMENT=12 DEFAULT CHARSET=utf8mb4 COLLATE=utf8mb4_0900_ai_ci;
/*!40101 SET character_set_client = @saved_cs_client */;

--
-- Dumping data for table `editore`
--

LOCK TABLES `editore` WRITE;
/*!40000 ALTER TABLE `editore` DISABLE KEYS */;
INSERT INTO `editore` VALUES (1,'Mondadori','info-mondadori@gmail.com'),(3,'Einaudi','amm-einaudi@gmail.com'),(4,'Salani','salani-info@gmail.com'),(5,'Edizioni Clandestine','clandestine-info@gmail.com'),(6,'Bao Publishing','bao_editore@gmail.com'),(7,'Sellerio','amm-sellerio@gmail.com'),(8,'BUR','bur_editore@gmail.com'),(9,'Sperling & Kupfer','sperling-info@gmail.com'),(10,'Bompiani','contact-bompiani@gmail.com'),(11,'Adelphi','adelphi-info@gmail.com');
/*!40000 ALTER TABLE `editore` ENABLE KEYS */;
UNLOCK TABLES;

--
-- Table structure for table `libro`
--

DROP TABLE IF EXISTS `libro`;
/*!40101 SET @saved_cs_client     = @@character_set_client */;
/*!50503 SET character_set_client = utf8mb4 */;
CREATE TABLE `libro` (
  `id` int NOT NULL AUTO_INCREMENT,
  `titolo` varchar(100) DEFAULT NULL,
  `prezzo` decimal(6,2) unsigned DEFAULT NULL,
  `pagine` smallint unsigned DEFAULT NULL,
  `editore_id` int DEFAULT NULL,
  PRIMARY KEY (`id`),
  KEY `fk_libro_editore` (`editore_id`),
  CONSTRAINT `fk_libro_editore` FOREIGN KEY (`editore_id`) REFERENCES `editore` (`id`),
  CONSTRAINT `ck_pagine` CHECK ((`pagine` > 0))
) ENGINE=InnoDB AUTO_INCREMENT=24 DEFAULT CHARSET=utf8mb4 COLLATE=utf8mb4_0900_ai_ci;
/*!40101 SET character_set_client = @saved_cs_client */;

--
-- Dumping data for table `libro`
--

LOCK TABLES `libro` WRITE;
/*!40000 ALTER TABLE `libro` DISABLE KEYS */;
INSERT INTO `libro` VALUES (1,'Alchimista (L\')',12.00,10,1),(2,'Cinquanta sfumature di grigio',10.20,560,1),(3,'Dieci piccoli indiani',10.20,208,1),(4,'Don Chisciotte della Mancha',20.40,NULL,3),(5,'Harry Potter e la Pietra Filosofale',8.50,302,4),(6,'Il Codice da Vinci',11.00,512,1),(7,'Il giovane Holden',10.20,251,3),(8,'Il leone, la strega e l\'armadio',7.65,182,1),(9,'Il libretto rosso',7.22,160,5),(10,'Il Piccolo Principe',4.25,95,1),(11,'Il Signore degli Anelli: La compagnia dell\'anello. Le due torri. Il ritorno del re',25.00,1255,10),(12,'Il sogno della camera rossa. Romanzo cinese del XVIII secolo',15.30,721,3),(13,'La colonna di fuoco',27.00,912,1),(14,'La donna della domenica',12.00,434,1),(15,'Lo Hobbit',9.35,417,10),(16,'Macerie prime',14.45,192,6),(17,'Origin',21.25,564,1),(18,'Quel che resta del giorno',12.00,276,3),(19,'Un mese con Montalbano',12.75,512,7),(20,'Una storia tra due città',9.77,600,10),(21,'Marcovaldo',10.00,120,7),(22,'IT',25.00,550,9),(23,'gomorra',12.59,345,1);
/*!40000 ALTER TABLE `libro` ENABLE KEYS */;
UNLOCK TABLES;

--
-- Temporary view structure for view `libro_tot`
--

DROP TABLE IF EXISTS `libro_tot`;
/*!50001 DROP VIEW IF EXISTS `libro_tot`*/;
SET @saved_cs_client     = @@character_set_client;
/*!50503 SET character_set_client = utf8mb4 */;
/*!50001 CREATE VIEW `libro_tot` AS SELECT 
 1 AS `titolo`,
 1 AS `pagine`,
 1 AS `prezzo`,
 1 AS `editore`,
 1 AS `nome`,
 1 AS `cognome`,
 1 AS `nazionalita`*/;
SET character_set_client = @saved_cs_client;

--
-- Final view structure for view `libro_tot`
--

/*!50001 DROP VIEW IF EXISTS `libro_tot`*/;
/*!50001 SET @saved_cs_client          = @@character_set_client */;
/*!50001 SET @saved_cs_results         = @@character_set_results */;
/*!50001 SET @saved_col_connection     = @@collation_connection */;
/*!50001 SET character_set_client      = utf8mb4 */;
/*!50001 SET character_set_results     = utf8mb4 */;
/*!50001 SET collation_connection      = utf8mb4_0900_ai_ci */;
/*!50001 CREATE ALGORITHM=UNDEFINED */
/*!50013 DEFINER=`app_goal`@`localhost` SQL SECURITY DEFINER */
/*!50001 VIEW `libro_tot` AS select `l`.`titolo` AS `titolo`,`l`.`pagine` AS `pagine`,`l`.`prezzo` AS `prezzo`,`e`.`nome` AS `editore`,`a`.`nome` AS `nome`,`a`.`cognome` AS `cognome`,`a`.`nazionalita` AS `nazionalita` from (((`libro` `l` join `autore_libro` `al` on((`l`.`id` = `al`.`libro_id`))) join `autore` `a` on((`a`.`id` = `al`.`autore_id`))) join `editore` `e` on((`e`.`id` = `l`.`editore_id`))) order by `l`.`titolo` */;
/*!50001 SET character_set_client      = @saved_cs_client */;
/*!50001 SET character_set_results     = @saved_cs_results */;
/*!50001 SET collation_connection      = @saved_col_connection */;
/*!40103 SET TIME_ZONE=@OLD_TIME_ZONE */;

/*!40101 SET SQL_MODE=@OLD_SQL_MODE */;
/*!40014 SET FOREIGN_KEY_CHECKS=@OLD_FOREIGN_KEY_CHECKS */;
/*!40014 SET UNIQUE_CHECKS=@OLD_UNIQUE_CHECKS */;
/*!40101 SET CHARACTER_SET_CLIENT=@OLD_CHARACTER_SET_CLIENT */;
/*!40101 SET CHARACTER_SET_RESULTS=@OLD_CHARACTER_SET_RESULTS */;
/*!40101 SET COLLATION_CONNECTION=@OLD_COLLATION_CONNECTION */;
/*!40111 SET SQL_NOTES=@OLD_SQL_NOTES */;

-- Dump completed on 2023-07-04 17:28:56
